lu_1987,lu_1998
Palm,Exposed soil / Urban
Palm,Forest
Palm,Forest
Palm,Forest
Palm,Forest
Palm,Forest
Palm,Forest
Palm,Forest
Palm,Forest
Palm,Forest
Palm,Forest
Palm,Forest
Palm,Forest
Palm,Forest
Palm,Forest
Palm,Forest
Palm,Forest
Palm,Forest
Mangrove,Forest
Mangrove,Forest
Mangrove,Forest
Mangrove,Forest
Mangrove,Forest
Mangrove,Forest
Mangrove,Forest
Mangrove,Forest
Mangrove,Forest
Mangrove,Forest
Mangrove,Forest
Mangrove,Forest
Mangrove,Forest
Mangrove,Forest
Mangrove,Forest
Mangrove,Forest
Mangrove,Forest
Mangrove,Forest
Mangrove,Forest
Mangrove,Forest
Mangrove,Forest
Mangrove,Forest
Water,Forest
Grassland,Palm
Grassland,Palm
Grassland,Palm
Grassland,Palm
Grassland,Palm
Grassland,Palm
Grassland,Palm
Grassland,Grassland
Grassland,Grassland
Grassland,Grassland
Grassland,Grassland
Grassland,Grassland
Grassland,Grassland
Grassland,Grassland
Grassland,Grassland
Grassland,Grassland
Grassland,Grassland
Grassland,Grassland
Grassland,Grassland
Grassland,Grassland
Grassland,Grassland
Grassland,Grassland
Grassland,Grassland
Grassland,Grassland
Grassland,Grassland
Grassland,Grassland
Grassland,Grassland
Grassland,Grassland
Grassland,Grassland
Grassland,Grassland
Grassland,Grassland
Grassland,Grassland
Grassland,Grassland
Grassland,Grassland
Grassland,Grassland
Grassland,Grassland
Grassland,Grassland
Grassland,Grassland
Grassland,Grassland
Grassland,Grassland
Grassland,Grassland
Grassland,Grassland
Grassland,Grassland
Grassland,Grassland
Grassland,Grassland
Grassland,Grassland
Grassland,Grassland
Grassland,Grassland
Grassland,Grassland
Grassland,Grassland
Grassland,Grassland
Grassland,Grassland
Grassland,Grassland
Grassland,Grassland
Grassland,Grassland
Grassland,Grassland
Grassland,Grassland
Grassland,Grassland
Grassland,Grassland
Grassland,Grassland
Grassland,Grassland
Grassland,Grassland
Grassland,Grassland
Grassland,Grassland
Grassland,Grassland
Grassland,Grassland
Grassland,Grassland
Grassland,Grassland
Grassland,Grassland
Grassland,Grassland
Grassland,Grassland
Grassland,Grassland
Grassland,Grassland
Grassland,Grassland
Grassland,Grassland
Grassland,Grassland
Grassland,Grassland
Grassland,Grassland
Grassland,Grassland
Grassland,Grassland
Grassland,Grassland
Grassland,Grassland
Grassland,Grassland
Grassland,Grassland
Grassland,Grassland
Grassland,Grassland
Grassland,Grassland
Grassland,Grassland
Grassland,Grassland
Grassland,Grassland
Grassland,Grassland
Grassland,Grassland
Grassland,Grassland
Grassland,Grassland
Grassland,Grassland
Grassland,Forest
Grassland,Forest
Grassland,Forest
Grassland,Forest
Grassland,Forest
Grassland,Forest
Grassland,Forest
Grassland,Forest
Grassland,Forest
Grassland,Forest
Grassland,Forest
Grassland,Forest
Grassland,Forest
Grassland,Forest
Grassland,Forest
Grassland,Forest
Grassland,Forest
Grassland,Forest
Grassland,Forest
Grassland,Forest
Grassland,Forest
Grassland,Forest
Grassland,Forest
Grassland,Forest
Grassland,Forest
Grassland,Forest
Grassland,Forest
Grassland,Forest
Grassland,Forest
Grassland,Forest
Grassland,Forest
Grassland,Forest
Grassland,Forest
Grassland,Forest
Grassland,Forest
Grassland,Forest
Grassland,Forest
Grassland,Forest
Grassland,Forest
Grassland,Forest
Grassland,Forest
Grassland,Forest
Grassland,Forest
Grassland,Forest
Grassland,Forest
Grassland,Forest
Grassland,Forest
Grassland,Forest
Grassland,Forest
Grassland,Forest
Grassland,Forest
Grassland,Forest
Grassland,Forest
Grassland,Forest
Grassland,Forest
Grassland,Forest
Grassland,Forest
Grassland,Forest
Grassland,Forest
Grassland,Forest
Grassland,Forest
Grassland,Forest
Grassland,Forest
Grassland,Forest
Grassland,Forest
Grassland,Forest
Grassland,Forest
Grassland,Forest
Grassland,Forest
Grassland,Forest
Grassland,Forest
Grassland,Forest
Grassland,Forest
Grassland,Wetland
Exposed soil / Urban,Palm
Exposed soil / Urban,Palm
Exposed soil / Urban,Grassland
Exposed soil / Urban,Grassland
Exposed soil / Urban,Grassland
Exposed soil / Urban,Grassland
Exposed soil / Urban,Grassland
Exposed soil / Urban,Grassland
Exposed soil / Urban,Grassland
Exposed soil / Urban,Grassland
Exposed soil / Urban,Grassland
Exposed soil / Urban,Grassland
Exposed soil / Urban,Grassland
Exposed soil / Urban,Grassland
Exposed soil / Urban,Grassland
Exposed soil / Urban,Grassland
Exposed soil / Urban,Grassland
Exposed soil / Urban,Grassland
Exposed soil / Urban,Grassland
Exposed soil / Urban,Grassland
Exposed soil / Urban,Grassland
Exposed soil / Urban,Grassland
Exposed soil / Urban,Grassland
Exposed soil / Urban,Forest
Exposed soil / Urban,Forest
Exposed soil / Urban,Forest
Exposed soil / Urban,Forest
Exposed soil / Urban,Forest
Exposed soil / Urban,Forest
Exposed soil / Urban,Forest
Exposed soil / Urban,Forest
Exposed soil / Urban,Forest
Exposed soil / Urban,Forest
Exposed soil / Urban,Forest
Exposed soil / Urban,Forest
Exposed soil / Urban,Forest
Exposed soil / Urban,Forest
Exposed soil / Urban,Forest
Exposed soil / Urban,Forest
Exposed soil / Urban,Forest
Exposed soil / Urban,Forest
Exposed soil / Urban,Forest
Exposed soil / Urban,Forest
Exposed soil / Urban,Forest
Exposed soil / Urban,Forest
Exposed soil / Urban,Forest
Exposed soil / Urban,Forest
Exposed soil / Urban,Forest
Exposed soil / Urban,Forest
Exposed soil / Urban,Forest
Exposed soil / Urban,Forest
Exposed soil / Urban,Forest
Exposed soil / Urban,Forest
Exposed soil / Urban,Forest
Exposed soil / Urban,Forest
Exposed soil / Urban,Forest
Exposed soil / Urban,Forest
Exposed soil / Urban,Forest
Exposed soil / Urban,Forest
Exposed soil / Urban,Forest
Exposed soil / Urban,Forest
Exposed soil / Urban,Forest
Exposed soil / Urban,Forest
Exposed soil / Urban,Forest
Exposed soil / Urban,Forest
Exposed soil / Urban,Forest
Exposed soil / Urban,Forest
Exposed soil / Urban,Forest
Exposed soil / Urban,Forest
Exposed soil / Urban,Forest
Exposed soil / Urban,Forest
Exposed soil / Urban,Forest
Exposed soil / Urban,Forest
Exposed soil / Urban,Forest
Exposed soil / Urban,Forest
Exposed soil / Urban,Forest
Exposed soil / Urban,Forest
Exposed soil / Urban,Forest
Exposed soil / Urban,Forest
Exposed soil / Urban,Forest
Exposed soil / Urban,Forest
Exposed soil / Urban,Forest
Exposed soil / Urban,Forest
Exposed soil / Urban,Forest
Exposed soil / Urban,Forest
Exposed soil / Urban,Forest
Exposed soil / Urban,Forest
Exposed soil / Urban,Forest
Exposed soil / Urban,Forest
Exposed soil / Urban,Forest
Exposed soil / Urban,Forest
Exposed soil / Urban,Forest
Exposed soil / Urban,Forest
Exposed soil / Urban,Forest
Exposed soil / Urban,Forest
Exposed soil / Urban,Forest
Exposed soil / Urban,Forest
Exposed soil / Urban,Forest
Exposed soil / Urban,Forest
Exposed soil / Urban,Forest
Exposed soil / Urban,Forest
Exposed soil / Urban,Forest
Exposed soil / Urban,Forest
Exposed soil / Urban,Forest
Exposed soil / Urban,Forest
Exposed soil / Urban,Forest
Exposed soil / Urban,Forest
Exposed soil / Urban,Forest
Exposed soil / Urban,Forest
Exposed soil / Urban,Forest
Exposed soil / Urban,Forest
Exposed soil / Urban,Forest
Exposed soil / Urban,Forest
Exposed soil / Urban,Forest
Exposed soil / Urban,Forest
Exposed soil / Urban,Forest
Exposed soil / Urban,Forest
Exposed soil / Urban,Forest
Exposed soil / Urban,Forest
Exposed soil / Urban,Forest
Exposed soil / Urban,Forest
Exposed soil / Urban,Forest
Exposed soil / Urban,Forest
Exposed soil / Urban,Forest
Exposed soil / Urban,Forest
Exposed soil / Urban,Forest
Exposed soil / Urban,Forest
Exposed soil / Urban,Forest
Exposed soil / Urban,Forest
Exposed soil / Urban,Forest
Exposed soil / Urban,Forest
Exposed soil / Urban,Forest
Exposed soil / Urban,Forest
Exposed soil / Urban,Forest
Exposed soil / Urban,Forest
Exposed soil / Urban,Forest
Exposed soil / Urban,Forest
Exposed soil / Urban,Forest
Exposed soil / Urban,Forest
Exposed soil / Urban,Wetland
Exposed soil / Urban,Wetland
Exposed soil / Urban,Wetland
Forest,Palm
Forest,Palm
Forest,Palm
Forest,Mangrove
Forest,Mangrove
Forest,Mangrove
Forest,Mangrove
Forest,Mangrove
Forest,Mangrove
Forest,Mangrove
Forest,Mangrove
Forest,Mangrove
Forest,Grassland
Forest,Grassland
Forest,Grassland
Forest,Grassland
Forest,Grassland
Forest,Grassland
Forest,Grassland
Forest,Grassland
Forest,Grassland
Forest,Grassland
Forest,Grassland
Forest,Grassland
Forest,Grassland
Forest,Grassland
Forest,Grassland
Forest,Grassland
Forest,Grassland
Forest,Grassland
Forest,Grassland
Forest,Grassland
Forest,Grassland
Forest,Grassland
Forest,Grassland
Forest,Forest
Forest,Forest
Forest,Forest
Forest,Forest
Forest,Forest
Forest,Forest
Forest,Forest
Forest,Forest
Forest,Forest
Forest,Forest
Forest,Forest
Forest,Forest
Forest,Forest
Forest,Forest
Forest,Forest
Forest,Forest
Forest,Forest
Forest,Forest
Forest,Forest
Forest,Forest
Forest,Forest
Forest,Forest
Forest,Forest
Forest,Forest
Forest,Forest
Forest,Forest
Forest,Forest
Forest,Forest
Forest,Forest
Forest,Forest
Forest,Forest
Forest,Forest
Forest,Forest
Forest,Forest
Forest,Forest
Forest,Forest
Forest,Forest
Forest,Forest
Forest,Forest
Forest,Forest
Forest,Forest
Forest,Forest
Forest,Forest
Forest,Forest
Forest,Forest
Forest,Forest
Forest,Forest
Forest,Forest
Forest,Forest
Forest,Forest
Forest,Forest
Forest,Forest
Forest,Forest
Forest,Forest
Forest,Forest
Forest,Forest
Forest,Forest
Forest,Forest
Forest,Forest
Forest,Forest
Forest,Forest
Forest,Forest
Forest,Forest
Forest,Forest
Forest,Forest
Forest,Forest
Forest,Forest
Forest,Forest
Forest,Forest
Forest,Forest
Forest,Forest
Forest,Forest
Forest,Forest
Forest,Forest
Forest,Forest
Forest,Forest
Forest,Forest
Forest,Forest
Forest,Forest
Forest,Forest
Forest,Forest
Forest,Forest
Forest,Forest
Forest,Forest
Forest,Forest
Forest,Forest
Forest,Forest
Forest,Forest
Forest,Forest
Forest,Forest
Forest,Forest
Forest,Forest
Forest,Forest
Forest,Forest
Forest,Forest
Forest,Forest
Forest,Forest
Forest,Forest
Forest,Forest
Forest,Forest
Forest,Forest
Forest,Forest
Forest,Forest
Forest,Forest
Forest,Forest
Forest,Forest
Forest,Forest
Forest,Forest
Forest,Forest
Forest,Forest
Forest,Forest
Forest,Forest
Forest,Forest
Forest,Forest
Forest,Forest
Forest,Forest
Forest,Forest
Forest,Forest
Forest,Forest
Forest,Forest
Forest,Forest
Forest,Forest
Forest,Forest
Forest,Forest
Forest,Forest
Forest,Forest
Forest,Forest
Forest,Forest
Forest,Forest
Forest,Forest
Forest,Forest
Forest,Forest
Forest,Forest
Forest,Forest
Forest,Forest
Forest,Forest
Forest,Forest
Forest,Forest
Forest,Forest
Forest,Forest
Forest,Forest
Forest,Forest
Forest,Forest
Forest,Forest
Forest,Forest
Forest,Forest
Forest,Forest
Forest,Forest
Forest,Forest
Forest,Forest
Forest,Forest
Forest,Forest
Forest,Forest
Forest,Forest
Forest,Forest
Forest,Forest
Forest,Forest
Forest,Forest
Forest,Forest
Forest,Forest
Forest,Forest
Forest,Forest
Forest,Forest
Forest,Forest
Forest,Forest
Forest,Forest
Forest,Forest
Forest,Forest
Forest,Forest
Forest,Forest
Forest,Forest
Forest,Forest
Forest,Forest
Forest,Forest
Forest,Forest
Forest,Forest
Forest,Forest
Forest,Forest
Forest,Forest
Forest,Forest
Forest,Forest
Forest,Forest
Forest,Forest
Forest,Forest
Forest,Forest
Forest,Forest
Forest,Forest
Forest,Forest
Forest,Forest
Forest,Forest
Forest,Forest
Forest,Forest
Forest,Forest
Forest,Forest
Forest,Forest
Forest,Forest
Forest,Forest
Forest,Forest
Forest,Forest
Forest,Forest
Forest,Forest
Forest,Forest
Forest,Forest
Forest,Forest
Forest,Forest
Forest,Forest
Forest,Forest
Forest,Forest
Forest,Forest
Forest,Forest
Forest,Forest
Forest,Forest
Forest,Forest
Forest,Forest
Forest,Forest
Forest,Forest
Forest,Forest
Forest,Forest
Forest,Forest
Forest,Forest
Forest,Forest
Forest,Forest
Forest,Forest
Forest,Forest
Forest,Forest
Forest,Forest
Forest,Forest
Forest,Forest
Forest,Forest
Forest,Forest
Forest,Forest
Forest,Forest
Forest,Forest
Forest,Forest
Forest,Forest
Forest,Forest
Forest,Forest
Forest,Forest
Forest,Forest
Forest,Forest
Forest,Forest
Forest,Forest
Forest,Forest
Forest,Forest
Forest,Forest
Forest,Forest
Forest,Forest
Forest,Forest
Forest,Forest
Forest,Forest
Forest,Forest
Forest,Forest
Forest,Forest
Forest,Forest
Forest,Forest
Forest,Forest
Forest,Forest
Forest,Forest
Forest,Forest
Forest,Forest
Forest,Forest
Forest,Forest
Forest,Forest
Forest,Forest
Forest,Forest
Forest,Forest
Forest,Forest
Forest,Forest
Forest,Forest
Forest,Forest
Forest,Forest
Forest,Forest
Forest,Forest
Forest,Forest
Forest,Forest
Forest,Forest
Forest,Forest
Forest,Forest
Forest,Forest
Forest,Forest
Forest,Forest
Forest,Forest
Forest,Forest
Forest,Forest
Forest,Forest
Forest,Forest
Forest,Forest
Forest,Forest
Forest,Forest
Forest,Forest
Forest,Forest
Forest,Forest
Forest,Forest
Forest,Forest
Forest,Forest
Forest,Forest
Forest,Forest
Forest,Forest
Forest,Forest
Forest,Forest
Forest,Forest
Forest,Forest
Forest,Forest
Forest,Forest
Forest,Forest
Forest,Forest
Forest,Forest
Forest,Forest
Forest,Forest
Forest,Forest
Forest,Forest
Forest,Forest
Forest,Forest
Forest,Forest
Forest,Forest
Forest,Forest
Forest,Forest
Forest,Forest
Forest,Forest
Forest,Forest
Forest,Forest
Forest,Forest
Forest,Forest
Forest,Forest
Forest,Forest
Forest,Forest
Forest,Forest
Forest,Forest
Forest,Forest
Forest,Forest
Forest,Forest
Forest,Forest
Forest,Forest
Forest,Forest
Forest,Forest
Forest,Forest
Forest,Forest
Forest,Forest
Forest,Forest
Forest,Forest
Forest,Forest
Forest,Forest
Forest,Forest
Forest,Forest
Forest,Forest
Forest,Forest
Forest,Forest
Forest,Forest
Forest,Forest
Forest,Forest
Forest,Forest
Forest,Forest
Forest,Forest
Forest,Forest
Forest,Forest
Forest,Forest
Forest,Forest
Forest,Forest
Forest,Forest
Forest,Forest
Forest,Forest
Forest,Forest
Forest,Forest
Forest,Forest
Forest,Forest
Forest,Forest
Forest,Forest
Forest,Forest
Forest,Forest
Forest,Forest
Forest,Forest
Forest,Forest
Forest,Forest
Forest,Forest
Forest,Forest
Forest,Forest
Forest,Forest
Forest,Forest
Forest,Forest
Forest,Forest
Forest,Forest
Forest,Forest
Forest,Forest
Forest,Forest
Forest,Forest
Forest,Forest
Forest,Forest
Forest,Forest
Forest,Forest
Forest,Forest
Forest,Forest
Forest,Forest
Forest,Forest
Forest,Forest
Forest,Forest
Forest,Forest
Forest,Forest
Forest,Forest
Forest,Forest
Forest,Forest
Forest,Forest
Forest,Forest
Forest,Forest
Forest,Forest
Forest,Forest
Forest,Forest
Forest,Forest
Forest,Forest
Forest,Forest
Forest,Forest
Forest,Forest
Forest,Forest
Forest,Forest
Forest,Forest
Forest,Forest
Forest,Forest
Forest,Forest
Forest,Forest
Forest,Forest
Forest,Forest
Forest,Forest
Forest,Forest
Forest,Forest
Forest,Forest
Forest,Forest
Forest,Forest
Forest,Forest
Forest,Forest
Forest,Forest
Forest,Forest
Forest,Forest
Forest,Forest
Forest,Forest
Forest,Forest
Forest,Forest
Forest,Forest
Forest,Forest
Forest,Forest
Forest,Forest
Forest,Forest
Forest,Forest
Forest,Forest
Forest,Forest
Forest,Forest
Forest,Forest
Forest,Forest
Forest,Forest
Forest,Forest
Forest,Forest
Forest,Forest
Forest,Forest
Forest,Forest
Forest,Forest
Forest,Forest
Forest,Forest
Forest,Forest
Forest,Forest
Forest,Forest
Forest,Forest
Forest,Forest
Forest,Forest
Forest,Forest
Forest,Forest
Forest,Forest
Forest,Forest
Forest,Forest
Forest,Forest
Forest,Forest
Forest,Forest
Forest,Forest
Forest,Forest
Forest,Forest
Forest,Forest
Forest,Forest
Forest,Forest
Forest,Forest
Forest,Forest
Forest,Forest
Forest,Forest
Forest,Forest
Forest,Forest
Forest,Forest
Forest,Forest
Forest,Forest
Forest,Forest
Forest,Forest
Forest,Forest
Forest,Forest
Forest,Forest
Forest,Forest
Forest,Forest
Forest,Forest
Forest,Forest
Forest,Forest
Forest,Forest
Forest,Forest
Forest,Forest
Forest,Forest
Forest,Forest
Forest,Forest
Forest,Forest
Forest,Forest
Forest,Forest
Forest,Forest
Forest,Forest
Forest,Forest
Forest,Forest
Forest,Forest
Forest,Forest
Forest,Forest
Forest,Forest
Forest,Forest
Forest,Forest
Forest,Forest
Forest,Forest
Forest,Forest
Forest,Forest
Forest,Forest
Forest,Forest
Forest,Forest
Forest,Forest
Forest,Forest
Forest,Forest
Forest,Forest
Forest,Forest
Forest,Forest
Forest,Forest
Forest,Forest
Forest,Forest
Forest,Forest
Forest,Forest
Forest,Forest
Forest,Forest
Forest,Forest
Forest,Forest
Forest,Forest
Forest,Forest
Forest,Forest
Forest,Forest
Forest,Forest
Forest,Forest
Forest,Forest
Forest,Forest
Forest,Forest
Forest,Forest
Forest,Forest
Forest,Forest
Forest,Forest
Forest,Forest
Forest,Forest
Forest,Forest
Forest,Forest
Forest,Forest
Forest,Forest
Forest,Forest
Forest,Forest
Forest,Forest
Forest,Forest
Forest,Forest
Forest,Forest
Forest,Forest
Forest,Forest
Forest,Forest
Forest,Forest
Forest,Forest
Forest,Forest
Forest,Forest
Forest,Forest
Forest,Forest
Forest,Forest
Forest,Forest
Forest,Forest
Forest,Forest
Forest,Forest
Forest,Forest
Forest,Forest
Forest,Forest
Forest,Forest
Forest,Forest
Forest,Forest
Forest,Forest
Forest,Forest
Forest,Forest
Forest,Forest
Forest,Forest
Forest,Forest
Forest,Forest
Forest,Forest
Forest,Forest
Forest,Forest
Forest,Forest
Forest,Forest
Forest,Forest
Forest,Forest
Forest,Forest
Forest,Forest
Forest,Forest
Forest,Forest
Forest,Forest
Forest,Forest
Forest,Forest
Forest,Forest
Forest,Forest
Forest,Forest
Forest,Forest
Forest,Forest
Forest,Forest
Forest,Forest
Forest,Forest
Forest,Forest
Forest,Forest
Forest,Forest
Forest,Forest
Forest,Forest
Forest,Forest
Forest,Forest
Forest,Forest
Forest,Forest
Forest,Forest
Forest,Forest
Forest,Forest
Forest,Forest
Forest,Forest
Forest,Forest
Forest,Forest
Forest,Forest
Forest,Forest
Forest,Forest
Forest,Forest
Forest,Forest
Forest,Forest
Forest,Forest
Forest,Forest
Forest,Forest
Forest,Forest
Forest,Forest
Forest,Forest
Forest,Forest
Forest,Forest
Forest,Forest
Forest,Forest
Forest,Forest
Forest,Forest
Forest,Forest
Forest,Forest
Forest,Forest
Forest,Forest
Forest,Forest
Forest,Forest
Forest,Forest
Forest,Forest
Forest,Forest
Forest,Forest
Forest,Forest
Forest,Forest
Forest,Forest
Forest,Forest
Forest,Forest
Forest,Forest
Forest,Forest
Forest,Forest
Forest,Forest
Forest,Forest
Forest,Forest
Forest,Forest
Forest,Forest
Forest,Forest
Forest,Forest
Forest,Forest
Forest,Forest
Forest,Forest
Forest,Forest
Forest,Forest
Forest,Forest
Forest,Forest
Forest,Forest
Forest,Forest
Forest,Forest
Forest,Forest
Forest,Forest
Forest,Forest
Forest,Forest
Forest,Forest
Forest,Forest
Forest,Forest
Forest,Forest
Forest,Forest
Forest,Forest
Forest,Forest
Forest,Forest
Forest,Forest
Forest,Forest
Forest,Forest
Forest,Forest
Forest,Forest
Forest,Forest
Forest,Forest
Forest,Forest
Forest,Forest
Forest,Forest
Forest,Forest
Forest,Forest
Forest,Forest
Forest,Forest
Forest,Forest
Forest,Forest
Forest,Forest
Forest,Forest
Forest,Forest
Forest,Forest
Forest,Forest
Forest,Forest
Forest,Forest
Forest,Forest
Forest,Forest
Forest,Forest
Forest,Forest
Forest,Forest
Forest,Forest
Forest,Forest
Forest,Forest
Forest,Forest
Forest,Forest
Forest,Forest
Forest,Forest
Forest,Forest
Forest,Forest
Forest,Forest
Forest,Forest
Forest,Forest
Forest,Forest
Forest,Forest
Forest,Forest
Forest,Forest
Forest,Forest
Forest,Forest
Forest,Forest
Forest,Forest
Forest,Forest
Forest,Forest
Forest,Forest
Forest,Forest
Forest,Forest
Forest,Forest
Forest,Forest
Forest,Forest
Forest,Forest
Forest,Forest
Forest,Forest
Forest,Forest
Forest,Forest
Forest,Forest
Forest,Forest
Forest,Forest
Forest,Forest
Forest,Forest
Forest,Forest
Forest,Forest
Forest,Forest
Forest,Forest
Forest,Forest
Forest,Forest
Forest,Forest
Forest,Forest
Forest,Forest
Forest,Forest
Forest,Forest
Forest,Forest
Forest,Forest
Forest,Forest
Forest,Forest
Forest,Forest
Forest,Forest
Forest,Forest
Forest,Forest
Forest,Forest
Forest,Forest
Forest,Forest
Forest,Forest
Forest,Forest
Forest,Forest
Forest,Forest
Forest,Forest
Forest,Forest
Forest,Forest
Forest,Forest
Forest,Forest
Forest,Forest
Forest,Forest
Forest,Forest
Forest,Forest
Forest,Forest
Forest,Forest
Forest,Forest
Forest,Forest
Forest,Forest
Forest,Forest
Forest,Forest
Forest,Forest
Forest,Forest
Forest,Forest
Forest,Forest
Forest,Forest
Forest,Forest
Forest,Forest
Forest,Forest
Forest,Forest
Forest,Forest
Forest,Forest
Forest,Forest
Forest,Forest
Forest,Forest
Forest,Forest
Forest,Forest
Forest,Forest
Forest,Forest
Forest,Forest
Forest,Forest
Forest,Forest
Forest,Forest
Forest,Forest
Forest,Forest
Forest,Forest
Forest,Forest
Forest,Forest
Forest,Forest
Forest,Forest
Forest,Forest
Forest,Forest
Forest,Forest
Forest,Forest
Forest,Forest
Forest,Forest
Forest,Forest
Forest,Forest
Forest,Forest
Forest,Forest
Forest,Forest
Forest,Forest
Forest,Forest
Forest,Forest
Forest,Forest
Forest,Forest
Forest,Forest
Forest,Forest
Forest,Forest
Forest,Forest
Forest,Forest
Forest,Forest
Forest,Forest
Forest,Forest
Forest,Forest
Forest,Forest
Forest,Forest
Forest,Forest
Forest,Forest
Forest,Forest
Forest,Forest
Forest,Forest
Forest,Forest
Forest,Forest
Forest,Forest
Forest,Forest
Forest,Forest
Forest,Forest
Forest,Forest
Forest,Forest
Forest,Forest
Forest,Forest
Forest,Forest
Forest,Forest
Forest,Forest
Forest,Forest
Forest,Forest
Forest,Forest
Forest,Forest
Forest,Forest
Forest,Forest
Forest,Forest
Forest,Forest
Forest,Forest
Forest,Forest
Forest,Forest
Forest,Forest
Forest,Forest
Forest,Forest
Forest,Forest
Forest,Forest
Forest,Forest
Forest,Forest
Forest,Forest
Forest,Forest
Forest,Forest
Forest,Forest
Forest,Forest
Forest,Forest
Forest,Forest
Forest,Forest
Forest,Forest
Forest,Forest
Forest,Forest
Forest,Forest
Forest,Forest
Forest,Forest
Forest,Forest
Forest,Forest
Forest,Forest
Forest,Forest
Forest,Forest
Forest,Forest
Forest,Forest
Forest,Forest
Forest,Forest
Forest,Forest
Forest,Forest
Forest,Forest
Forest,Forest
Forest,Forest
Forest,Forest
Forest,Forest
Forest,Forest
Forest,Forest
Forest,Forest
Forest,Forest
Forest,Forest
Forest,Forest
Forest,Forest
Forest,Forest
Forest,Forest
Forest,Forest
Forest,Forest
Forest,Forest
Forest,Forest
Forest,Forest
Forest,Forest
Forest,Forest
Forest,Forest
Forest,Forest
Forest,Forest
Forest,Forest
Forest,Forest
Forest,Forest
Forest,Forest
Forest,Forest
Forest,Forest
Forest,Forest
Forest,Forest
Forest,Forest
Forest,Forest
Forest,Forest
Forest,Forest
Forest,Forest
Forest,Forest
Forest,Forest
Forest,Forest
Forest,Forest
Forest,Forest
Forest,Forest
Forest,Forest
Forest,Forest
Forest,Forest
Forest,Forest
Forest,Forest
Forest,Forest
Forest,Forest
Forest,Forest
Forest,Forest
Forest,Forest
Forest,Forest
Forest,Forest
Forest,Forest
Forest,Forest
Forest,Forest
Forest,Forest
Forest,Forest
Forest,Forest
Forest,Forest
Forest,Forest
Forest,Forest
Forest,Forest
Forest,Forest
Forest,Forest
Forest,Forest
Forest,Forest
Forest,Forest
Forest,Forest
Forest,Forest
Forest,Forest
Forest,Forest
Forest,Forest
Forest,Forest
Forest,Forest
Forest,Forest
Forest,Forest
Forest,Forest
Forest,Forest
Forest,Forest
Forest,Forest
Forest,Forest
Forest,Forest
Forest,Forest
Forest,Forest
Forest,Forest
Forest,Forest
Forest,Forest
Forest,Forest
Forest,Forest
Forest,Forest
Forest,Forest
Forest,Forest
Forest,Forest
Forest,Forest
Forest,Forest
Forest,Forest
Forest,Forest
Forest,Forest
Forest,Forest
Forest,Forest
Forest,Forest
Forest,Forest
Forest,Forest
Forest,Forest
Forest,Forest
Forest,Forest
Forest,Forest
Forest,Forest
Forest,Forest
Forest,Forest
Forest,Forest
Forest,Forest
Forest,Forest
Forest,Forest
Forest,Forest
Forest,Forest
Forest,Forest
Forest,Forest
Forest,Forest
Forest,Forest
Forest,Forest
Forest,Forest
Forest,Forest
Forest,Forest
Forest,Forest
Forest,Forest
Forest,Forest
Forest,Forest
Forest,Forest
Forest,Forest
Forest,Forest
Forest,Forest
Forest,Forest
Forest,Forest
Forest,Forest
Forest,Forest
Forest,Forest
Forest,Forest
Forest,Forest
Forest,Forest
Forest,Forest
Forest,Forest
Forest,Forest
Forest,Forest
Forest,Forest
Forest,Forest
Forest,Forest
Forest,Forest
Forest,Forest
Forest,Forest
Forest,Forest
Forest,Forest
Forest,Forest
Forest,Forest
Forest,Forest
Forest,Forest
Forest,Forest
Forest,Forest
Forest,Forest
Forest,Forest
Forest,Forest
Forest,Forest
Forest,Forest
Forest,Forest
Forest,Forest
Forest,Forest
Forest,Forest
Forest,Forest
Forest,Forest
Forest,Forest
Forest,Forest
Forest,Forest
Forest,Forest
Forest,Forest
Forest,Forest
Forest,Forest
Forest,Forest
Forest,Forest
Forest,Forest
Forest,Forest
Forest,Forest
Forest,Forest
Forest,Forest
Forest,Forest
Forest,Forest
Forest,Forest
Forest,Forest
Forest,Forest
Forest,Forest
Forest,Forest
Forest,Forest
Forest,Forest
Forest,Forest
Forest,Forest
Forest,Forest
Forest,Forest
Forest,Forest
Forest,Forest
Forest,Forest
Forest,Forest
Forest,Forest
Forest,Forest
Forest,Forest
Forest,Forest
Forest,Forest
Forest,Forest
Forest,Forest
Forest,Forest
Forest,Forest
Forest,Forest
Forest,Forest
Forest,Forest
Forest,Forest
Forest,Forest
Forest,Forest
Forest,Forest
Forest,Forest
Forest,Forest
Forest,Forest
Forest,Forest
Forest,Forest
Forest,Forest
Forest,Forest
Forest,Forest
Forest,Forest
Forest,Forest
Forest,Forest
Forest,Forest
Forest,Forest
Forest,Forest
Forest,Forest
Forest,Forest
Forest,Forest
Forest,Forest
Forest,Forest
Forest,Forest
Forest,Forest
Forest,Forest
Forest,Forest
Forest,Forest
Forest,Forest
Forest,Forest
Forest,Forest
Forest,Forest
Forest,Forest
Forest,Forest
Forest,Forest
Forest,Forest
Forest,Forest
Forest,Forest
Forest,Forest
Forest,Forest
Forest,Forest
Forest,Forest
Forest,Forest
Forest,Forest
Forest,Forest
Forest,Forest
Forest,Forest
Forest,Forest
Forest,Forest
Forest,Forest
Forest,Forest
Forest,Forest
Forest,Forest
Forest,Forest
Forest,Forest
Forest,Forest
Forest,Forest
Forest,Forest
Forest,Forest
Forest,Forest
Forest,Forest
Forest,Forest
Forest,Forest
Forest,Forest
Forest,Forest
Forest,Forest
Forest,Forest
Forest,Forest
Forest,Forest
Forest,Forest
Forest,Forest
Forest,Forest
Forest,Forest
Forest,Forest
Forest,Forest
Forest,Forest
Forest,Forest
Forest,Forest
Forest,Forest
Forest,Forest
Forest,Forest
Forest,Forest
Forest,Forest
Forest,Forest
Forest,Forest
Forest,Forest
Forest,Forest
Forest,Forest
Forest,Forest
Forest,Forest
Forest,Forest
Forest,Forest
Forest,Forest
Forest,Forest
Forest,Forest
Forest,Forest
Forest,Forest
Forest,Forest
Forest,Forest
Forest,Forest
Forest,Forest
Forest,Forest
Forest,Forest
Forest,Forest
Forest,Forest
Forest,Forest
Forest,Forest
Forest,Forest
Forest,Forest
Forest,Forest
Forest,Forest
Forest,Forest
Forest,Forest
Forest,Forest
Forest,Forest
Forest,Forest
Forest,Forest
Forest,Forest
Forest,Forest
Forest,Forest
Forest,Forest
Forest,Forest
Forest,Forest
Forest,Forest
Forest,Forest
Forest,Forest
Forest,Forest
Forest,Forest
Forest,Forest
Forest,Forest
Forest,Forest
Forest,Forest
Forest,Forest
Forest,Forest
Forest,Forest
Forest,Forest
Forest,Forest
Forest,Forest
Forest,Forest
Forest,Forest
Forest,Forest
Forest,Forest
Forest,Forest
Forest,Forest
Forest,Forest
Forest,Forest
Forest,Forest
Forest,Forest
Forest,Forest
Forest,Forest
Forest,Forest
Forest,Forest
Forest,Forest
Forest,Forest
Forest,Forest
Forest,Forest
Forest,Forest
Forest,Forest
Forest,Forest
Forest,Forest
Forest,Forest
Forest,Forest
Forest,Forest
Forest,Forest
Forest,Forest
Forest,Forest
Forest,Forest
Forest,Forest
Forest,Forest
Forest,Forest
Forest,Forest
Forest,Forest
Forest,Forest
Forest,Forest
Forest,Forest
Forest,Forest
Forest,Forest
Forest,Forest
Forest,Forest
Forest,Forest
Forest,Forest
Forest,Forest
Forest,Forest
Forest,Forest
Forest,Forest
Forest,Forest
Forest,Forest
Forest,Forest
Forest,Forest
Forest,Forest
Forest,Forest
Forest,Forest
Forest,Forest
Forest,Forest
Forest,Forest
Forest,Forest
Forest,Forest
Forest,Forest
Forest,Forest
Forest,Forest
Forest,Forest
Forest,Forest
Forest,Forest
Forest,Forest
Forest,Forest
Forest,Forest
Forest,Forest
Forest,Forest
Forest,Forest
Forest,Forest
Forest,Forest
Forest,Forest
Forest,Forest
Forest,Forest
Forest,Forest
Forest,Forest
Forest,Forest
Forest,Forest
Forest,Forest
Forest,Forest
Forest,Forest
Forest,Forest
Forest,Forest
Forest,Forest
Forest,Forest
Forest,Forest
Forest,Forest
Forest,Forest
Forest,Forest
Forest,Forest
Forest,Forest
Forest,Forest
Forest,Forest
Forest,Forest
Forest,Forest
Forest,Forest
Forest,Forest
Forest,Forest
Forest,Forest
Forest,Forest
Forest,Forest
Forest,Forest
Forest,Forest
Forest,Forest
Forest,Forest
Forest,Forest
Forest,Forest
Forest,Forest
Forest,Forest
Forest,Forest
Forest,Forest
Forest,Forest
Forest,Forest
Forest,Forest
Forest,Forest
Forest,Forest
Forest,Forest
Forest,Forest
Forest,Forest
Forest,Forest
Forest,Forest
Forest,Forest
Forest,Forest
Forest,Forest
Forest,Forest
Forest,Forest
Forest,Forest
Forest,Forest
Forest,Forest
Forest,Forest
Forest,Forest
Forest,Forest
Forest,Forest
Forest,Forest
Forest,Forest
Forest,Forest
Forest,Forest
Forest,Forest
Forest,Forest
Forest,Forest
Forest,Forest
Forest,Forest
Forest,Forest
Forest,Forest
Forest,Forest
Forest,Forest
Forest,Forest
Forest,Forest
Forest,Forest
Forest,Forest
Forest,Forest
Forest,Forest
Forest,Forest
Forest,Forest
Forest,Forest
Forest,Forest
Forest,Forest
Forest,Forest
Forest,Forest
Forest,Forest
Forest,Forest
Forest,Forest
Forest,Forest
Forest,Forest
Forest,Forest
Forest,Forest
Forest,Forest
Forest,Forest
Forest,Forest
Forest,Forest
Forest,Forest
Forest,Forest
Forest,Forest
Forest,Forest
Forest,Forest
Forest,Forest
Forest,Forest
Forest,Forest
Forest,Forest
Forest,Forest
Forest,Forest
Forest,Forest
Forest,Forest
Forest,Forest
Forest,Forest
Forest,Forest
Forest,Forest
Forest,Forest
Forest,Forest
Forest,Forest
Forest,Forest
Forest,Forest
Forest,Forest
Forest,Forest
Forest,Forest
Forest,Forest
Forest,Forest
Forest,Forest
Forest,Forest
Forest,Forest
Forest,Forest
Forest,Forest
Forest,Forest
Forest,Forest
Forest,Forest
Forest,Forest
Forest,Forest
Forest,Forest
Forest,Forest
Forest,Forest
Forest,Forest
Forest,Forest
Forest,Forest
Forest,Forest
Forest,Forest
Forest,Forest
Forest,Forest
Forest,Forest
Forest,Forest
Forest,Forest
Forest,Forest
Forest,Forest
Forest,Forest
Forest,Forest
Forest,Forest
Forest,Forest
Forest,Forest
Forest,Forest
Forest,Forest
Forest,Forest
Forest,Forest
Forest,Forest
Forest,Forest
Forest,Forest
Forest,Forest
Forest,Forest
Forest,Forest
Forest,Forest
Forest,Forest
Forest,Forest
Forest,Forest
Forest,Forest
Forest,Forest
Forest,Forest
Forest,Forest
Forest,Forest
Forest,Forest
Forest,Forest
Forest,Forest
Forest,Forest
Forest,Forest
Forest,Forest
Forest,Forest
Forest,Forest
Forest,Forest
Forest,Forest
Forest,Forest
Forest,Forest
Forest,Forest
Forest,Forest
Forest,Forest
Forest,Forest
Forest,Forest
Forest,Forest
Forest,Forest
Forest,Forest
Forest,Forest
Forest,Forest
Forest,Forest
Forest,Forest
Forest,Forest
Forest,Forest
Forest,Forest
Forest,Forest
Forest,Forest
Forest,Forest
Forest,Forest
Forest,Forest
Forest,Forest
Forest,Forest
Forest,Forest
Forest,Forest
Forest,Forest
Forest,Forest
Forest,Forest
Forest,Forest
Forest,Forest
Forest,Forest
Forest,Forest
Forest,Forest
Forest,Forest
Forest,Forest
Forest,Forest
Forest,Forest
Forest,Forest
Forest,Forest
Forest,Forest
Forest,Forest
Forest,Forest
Forest,Forest
Forest,Forest
Forest,Forest
Forest,Forest
Forest,Forest
Forest,Forest
Forest,Forest
Forest,Forest
Forest,Forest
Forest,Forest
Forest,Forest
Forest,Forest
Forest,Forest
Forest,Forest
Forest,Forest
Forest,Forest
Forest,Forest
Forest,Forest
Forest,Forest
Forest,Forest
Forest,Forest
Forest,Forest
Forest,Forest
Forest,Forest
Forest,Forest
Forest,Forest
Forest,Forest
Forest,Forest
Forest,Forest
Forest,Forest
Forest,Forest
Forest,Forest
Forest,Forest
Forest,Forest
Forest,Forest
Forest,Forest
Forest,Forest
Forest,Forest
Forest,Forest
Forest,Forest
Forest,Forest
Forest,Forest
Forest,Forest
Forest,Forest
Forest,Forest
Forest,Forest
Forest,Forest
Forest,Forest
Forest,Forest
Forest,Forest
Forest,Forest
Forest,Forest
Forest,Forest
Forest,Forest
Forest,Forest
Forest,Forest
Forest,Forest
Forest,Forest
Forest,Forest
Forest,Forest
Forest,Forest
Forest,Forest
Forest,Forest
Forest,Forest
Forest,Forest
Forest,Forest
Forest,Forest
Forest,Forest
Forest,Forest
Forest,Forest
Forest,Forest
Forest,Forest
Forest,Forest
Forest,Forest
Forest,Forest
Forest,Forest
Forest,Forest
Forest,Forest
Forest,Forest
Forest,Forest
Forest,Forest
Forest,Forest
Forest,Forest
Forest,Forest
Forest,Forest
Forest,Forest
Forest,Forest
Forest,Forest
Forest,Forest
Forest,Forest
Forest,Forest
Forest,Forest
Forest,Forest
Forest,Forest
Forest,Forest
Forest,Forest
Forest,Forest
Forest,Forest
Forest,Forest
Forest,Forest
Forest,Forest
Forest,Forest
Forest,Forest
Forest,Forest
Forest,Forest
Forest,Forest
Forest,Forest
Forest,Forest
Forest,Forest
Forest,Forest
Forest,Forest
Forest,Forest
Forest,Forest
Forest,Forest
Forest,Forest
Forest,Forest
Forest,Forest
Forest,Forest
Forest,Forest
Forest,Forest
Forest,Forest
Forest,Forest
Forest,Forest
Forest,Forest
Forest,Forest
Forest,Forest
Forest,Forest
Forest,Forest
Forest,Forest
Forest,Forest
Forest,Forest
Forest,Forest
Forest,Forest
Forest,Forest
Forest,Forest
Forest,Forest
Forest,Forest
Forest,Forest
Forest,Forest
Forest,Forest
Forest,Forest
Forest,Forest
Forest,Forest
Forest,Forest
Forest,Forest
Forest,Forest
Forest,Forest
Forest,Forest
Forest,Forest
Forest,Forest
Forest,Forest
Forest,Forest
Forest,Forest
Forest,Forest
Forest,Forest
Forest,Forest
Forest,Forest
Forest,Forest
Forest,Forest
Forest,Forest
Forest,Forest
Forest,Forest
Forest,Forest
Forest,Forest
Forest,Forest
Forest,Forest
Forest,Forest
Forest,Forest
Forest,Forest
Forest,Forest
Forest,Forest
Forest,Forest
Forest,Forest
Forest,Forest
Forest,Forest
Forest,Forest
Forest,Forest
Forest,Forest
Forest,Forest
Forest,Forest
Forest,Forest
Forest,Forest
Forest,Forest
Forest,Forest
Forest,Forest
Forest,Forest
Forest,Forest
Forest,Forest
Forest,Forest
Forest,Forest
Forest,Forest
Forest,Forest
Forest,Forest
Forest,Forest
Forest,Forest
Forest,Forest
Forest,Forest
Forest,Forest
Forest,Forest
Forest,Forest
Forest,Forest
Forest,Forest
Forest,Forest
Forest,Forest
Forest,Forest
Forest,Forest
Forest,Forest
Forest,Forest
Forest,Forest
Forest,Forest
Forest,Forest
Forest,Forest
Forest,Forest
Forest,Forest
Forest,Forest
Forest,Forest
Forest,Forest
Forest,Forest
Forest,Forest
Forest,Forest
Forest,Forest
Forest,Forest
Forest,Forest
Forest,Forest
Forest,Forest
Forest,Forest
Forest,Forest
Forest,Forest
Forest,Forest
Forest,Forest
Forest,Forest
Forest,Forest
Forest,Forest
Forest,Forest
Forest,Forest
Forest,Forest
Forest,Forest
Forest,Forest
Forest,Forest
Forest,Forest
Forest,Forest
Forest,Forest
Forest,Forest
Forest,Forest
Forest,Forest
Forest,Forest
Forest,Forest
Forest,Forest
Forest,Forest
Forest,Forest
Forest,Forest
Forest,Forest
Forest,Forest
Forest,Forest
Forest,Forest
Forest,Forest
Forest,Forest
Forest,Forest
Forest,Forest
Forest,Wetland
Forest,Wetland
Forest,Wetland
Forest,Wetland
Forest,Wetland
Forest,Wetland
Forest,Wetland
Forest,Wetland
Forest,Wetland
Forest,Wetland
Forest,Wetland
Forest,Wetland
Forest,Wetland
Forest,Wetland
Forest,Teak / Melina
Teak / Melina,Forest
Teak / Melina,Forest
